"","x"
"1",">JX275887.1 Cocos nucifera beta-ketoacyl-ACP synthase I (KASI) mRNA, complete cds
ATCCCCGTATCTTCTCACCTCCTCCTCTCTTGCTTATATCCTGCACTCTCCCCCTCTCCACACCTCTCCA
>DQ861409.1 Cocos nucifera WRKY2 gene, partial cds
GGTTGTGCTCGCCCTCGTACGTTACGATCAGCATCGACGGATCGTCGGGCGCCCGCTCCACGTGCTTCCT
CGCCGGGCACCCCCTCAGGCTGCCACACTTGTAGTAACCCCTGCGAGAAGAGACCAGTTAGATCAAAGAA
TAAGCCGTCAGATCGAGATCGGACGCTCAGGATGGTCAGCCACCTCGGGTAGGGGGAGCCCTTGATGGGC
TTCTGCCCGTACTTGCGCCATTGGTA
>DQ861408.1 Cocos nucifera WRKY1 gene, partial cds
GTTGTGCTCGCCCTCGTAGGTCGTGATCACCACTGCTGGATCCACCGACGACCGCTCCACCCGCTTCTTC
ACGCCSCACATCGCGCTGGTGCAGCGGTAGTAGCTCCTGCGCCAAAA
                	
                "
